query,search_count,rank
부동산 관련 상담,29,1518
내과 종병 매출,22,1926
힘세고 좋은 아침,19,2335
지금 주식장에서 난리난,18,2452
대장내시경 책에 안나오는,16,2685
이나라 제조업이 부흥한다,13,3438
지방인 자식세대가 동반자살한,13,3459
봉직 은퇴 몇살,12,3650
개원 소방 점검,10,4266
윤석열계엄은 구국의 결단이,10,4512
임신 초기 혈당,10,4537
척추 펠로우 공부,10,4580
개원 사업자등록 봉직,9,4724
드디어 무주택자에서 벗어나,9,4804
여의 과 추천,9,4956
원베일리 상가에 개원한,9,4986
찐부자들은 주복에 많이,9,5067
다시 과 선택,8,5367
부동산 투기가 뭐가,8,5487
열심히 정말 운동 많이,8,5627
포괄 양도 사업자번호,8,5829
현금 따로 축소,8,5861
9월 7일 개원,7,5915
Ast alt 스타틴,7,5922
심심한 의 만화,7,6393
정신과 개원 수익,7,6571
직원보다 못한 마누라,7,6615
드디어 지옥이 열린다,6,7175
반바지 입고 출근,6,7292
방사선 보수 교육,6,7299
부동산 투기가 뭐가 문제지,6,7336
비급여 무료 할인,6,7353
어제 있었던 실화,6,7562
점 자주 보냐,6,7752
직원 수액 할인,6,7833
치과 진료 대학병원,6,7881
코스피 5천 가긋다,6,7904
가만보니 강남부동산 폭등 외치는,5,8278
가족 중 진상,5,8290
강릉 감염 배상,5,8320
과별 페이 정리,5,8405
교통사고 신경학적 검사,5,8424
대장내시경 어려운 케이스,5,8590
대장내시경 환자 가려,5,8593
면허 신고 등기,5,8725
발목 인대 파열,5,8802
백신 냉장고 온도계,5,8818
부동산 폭등충들의 그래도,5,8884
소아과 폐업 경기북부,5,9049
수서 가양 등 공공임대 재건축,5,9073
슬슬 급매가 나오나,5,9100
요양원 진단서 검사,5,9287
응급의학과 신경외과 진로,5,9342
이대 서울병원 내과,5,9355
퇴사 후 취업 등록,5,9707
한국이 유일하게 선진국,5,9800
흉부 방사선 차폐,5,9882
1인 내과 매출,4,9911
5대암 개업 비용,4,9964
5인 미만 휴가,4,9968
Ai 진료기록 녹음,4,10001
Nsaid 처방 삭감,4,10076
X ray 장비,4,10120
net 얼마 개원,4,10171
voo qqq schd,4,10221
xray 옆 방,4,10225
같은 종병 싸움,4,10294
개원 가능 보건소,4,10307
결국 다 도둑놈들이라는,4,10388
굳이 비싼 아파트,4,10506
그것이 핥고 싶다,4,10511
그로스 네트 이직,4,10516
네트 그로스 이직,4,10663
대장내시경 책에 팁,4,10760
반포 국평 40억짜리 아파트,4,11066
배우자 출산 휴가,4,11097
변새들 과 일,4,11134
봉직 알바 세금,4,11189
봉직의 직원 싸움,4,11196
부동산 하락하기만을 기다린,4,11211
사람은 무엇으로 사는가,4,11299
상가 계약 시기,4,11345
소아 약 용량,4,11444
소화기 개업 2차,4,11449
실비 무료 수액,4,11580
양도 권리금 1억,4,11690
얼굴 정말 예쁘고,4,11699
여자 과 추천,4,11738
여자들이 원나잇 먹버 당하는 이유,4,11744
오늘 황당 의사,4,11785
원숭이가 서울 재건축 안 막았더라면,4,11866
의사도 직업적 수명이 있다,4,11945
이재명이 윤석열보다 확실히 잘함,4,11978
인테리어 도면 무료,4,12019
일반인 진료 보조,4,12030
자산 200억인 내가,4,12081
주식이 떨어진 결정적인 이유,4,12256
주차 지원 불법,4,12264
책에 안나오는 팁,4,12367
청년 일자리 장려금,4,12396
출산 후 당직,4,12433
퇴직금 포함 1년,4,12552
폐업 결과지 보관,4,12638
폐업 상가 대출,4,12639
포인트 적립 카드,4,12646
포터블 x ray,4,12648
환자 소개 썰,4,12824
B형 간염 접종,3,13059
C arm 피폭,3,13060
Chest CT 8mm,3,13075
Here and now,3,13131
L tube 거절,3,13154
Sessile serrated lesion,3,13236
bcg 경피 피내,3,13290
cbc 기계 비용,3,13304
갑상선 초음파 공부,3,13617
강남2구 자가 보유자,3,13629
개원 첫해 세금,3,13715
개원 후 알바,3,13725
개원시 장애인 시설,3,13737
건물 담보 대출,3,13776
검진 내과 ct,3,13793
결혼 생활 원래 이런가요,3,13822
결혼 직업 성격,3,13825
고용 산재 미가입,3,13883
급여 비급여 같이,3,14091
기업 마통 연장,3,14113
나 ent 개원의,3,14164
내가 만약 영상의학과,3,14214
내과 검진 외래,3,14218
내시경 세부 전문의,3,14254
내시경 통증 같이,3,14264
내시경 후 입술,3,14269
네트제 퇴사 무직,3,14310
넷 그로스 이직,3,14316
단순 신경학적 검사,3,14400
대동맥 박리 진료의뢰서,3,14442
대장 출혈 입원,3,14466
동사무소 제출 장애진단서,3,14586
두 군데 근무,3,14600
말일 청구 반송,3,14792
면허 취소 개정,3,14866
방사선사 알바 등록,3,15071
병원 화장실 청소,3,15142
병원 환자 문자 정보,3,15143
봉직 매출 2억,3,15209
봉직 우울증 진료,3,15214
부동산 폭등충들의 '그래도 부동산' 논리학,3,15251
부원장 면접 질문,3,15285
사무장 병원 봉직의,3,15434
상가 구입 대출,3,15505
성기 피부 아들,3,15601
셋째 아들 딸,3,15676
소득율 내과 경비,3,15692
소아 수액 종류,3,15709
소아 페렴 안티,3,15716
수액 실비 처리,3,15800
스크랩 보는 법,3,15859
실비 있는지 물어,3,15988
씨암 없이 통증,3,16045
악성 리뷰 고소,3,16109
안과 교수 뇌출헐,3,16114
약 일수 조제료,3,16184
연말정산 네트 세금,3,16309
왼쪽 윗배 통증,3,16456
요양병원 면허 대여,3,16477
요양병원 의사 1인당,3,16479
용도 의원 장애인,3,16491
용종 출혈 입원,3,16497
응급실 주말 페이,3,16655
의료폐기물 교육 e test,3,16694
의사랑  처방 용량,3,16708
이란 이스라엘 전쟁,3,16745
이력서 연락 없는,3,16749
이비인후과 책 추천,3,16755
이제 지방 사람은,3,16785
임신중 부부 관계,3,16920
입사 전 계약서,3,16930
자녀 둘 하느,3,16953
자녀들에게 꼭 물려주고,3,16955
중도 퇴사 종소세,3,17291
지금 국장 오르는 이유,3,17314
지금 만나러 갑니다,3,17315
지금 제일 불쌍,3,17317
지랑 상관없다고 보유세 올리자는,3,17320
지분 설정 개원,3,17337
진료 전 x ray,3,17394
진료만 하는 의사,3,17396
차량 경비처리 10년,3,17445
차트 수정 요구,3,17451
첫 키스 아는,3,17503
첫 키스 티나,3,17504
테슬라 y 롱,3,17757
토요타 캠리 하이브리드,3,17764
통증 차트 대박,3,17800
폐업 후 진단서,3,17961
한화 현대 보험,3,18109
행복 능력 눈물,3,18143
환자 사망 보호자 민원,3,18241
환자 유인 행위,3,18244
