"url","json_data"
"https://t2-new.medigate.net/lease/351985","{""content_id"": 351985, ""title"": ""\""71.[ì•”ì‚¬ì—­+ì¬ë˜ì‹œì¥] ë³‘ì›ì…ì§€ì˜ ê¸¸ëª© ë“¤ì–´ë³´ì…¨ë‚˜ìš”? ê¸¸ëª©ì€ ì´ëŸ¬í•œ ê³³ì„ ë§í•©ë‹ˆë‹¤.(ì´ë¹„ì¸í›„ê³¼ ì¶”ì²œì…ì§€)(ìœ íŠœë¸Œ æœ‰)\"""", ""listing_type"": ""LST001"", ""listing_type_names"": ""ì„ëŒ€"", ""corporation_name"": ""ë‹¥í„°ìœ„ë„ˆìŠ¤"", ""lease_property"": {""area_supply"": 200.0, ""area_exclusive"": 133.0, ""monthly_rent"": 590, ""deposit"": 15000, ""premium"": 0, ""management_cost"": 90, ""floor_current"": 3, ""floor_total"": 6, ""floor_underground"": 2, ""dealer_type"": ""2"", ""dealer_type_name"": ""ì¤‘ê°œê±°ë˜""}, ""specialty"": {""codes"": [""SPC115""], ""code_names"": ""ì´ë¹„ì¸í›„ê³¼""}, ""location"": {""address"": ""ì„œìš¸ ê°•ë™êµ¬ ì˜¬ë¦¼í”½ë¡œ 786 ë³¸ë²ˆì§€"", ""coordinates"": ""37.5511474,127.1282040""}, ""period"": {""created_at"": ""2024-07-23T19:08:28Z"", ""updated_at"": ""2025-03-20T16:18:21Z""}}"
"https://t2-new.medigate.net/lease/352759","{""content_id"": 352759, ""title"": ""76.[ì„±ë¶êµ¬ ì •ë¦‰ì¬ë˜ì‹œì¥] ë³‘ì›ì…ì§€ìƒê¶Œë¶„ì„ê³¼ ê°œì›ìë¦¬ì¶”ì²œ(ìœ íŠœë¸Œ æœ‰)"", ""listing_type"": ""LST001"", ""listing_type_names"": ""ì„ëŒ€"", ""corporation_name"": ""ë‹¥í„°ìœ„ë„ˆìŠ¤"", ""lease_property"": {""area_supply"": 158.0, ""area_exclusive"": 158.0, ""monthly_rent"": 550, ""deposit"": 10000, ""premium"": 0, ""management_cost"": 58, ""floor_current"": 3, ""floor_total"": 4, ""floor_underground"": 2, ""dealer_type"": ""2"", ""dealer_type_name"": ""ì¤‘ê°œê±°ë˜""}, ""specialty"": {""codes"": [""SPC115"", ""SPC118"", ""SPC122""], ""code_names"": ""ì´ë¹„ì¸í›„ê³¼,ì •ì‹ ê±´ê°•ì˜í•™ê³¼,í”¼ë¶€ê³¼""}, ""location"": {""address"": ""ì„œìš¸ ì„±ë¶êµ¬ ë³´êµ­ë¬¸ë¡œ 33, 0"", ""coordinates"": ""37.6073767,127.0101198""}, ""period"": {""created_at"": ""2024-08-19T13:16:11Z"", ""updated_at"": ""2025-03-20T16:18:09Z""}}"
"https://t2-new.medigate.net/lease/352759","{""content_id"": 352759, ""title"": ""\""76.[ì„±ë¶êµ¬ ì •ë¦‰ì¬ë˜ì‹œì¥] ë³‘ì›ì…ì§€ìƒê¶Œë¶„ì„ê³¼ ê°œì›ìë¦¬ì¶”ì²œ(ìœ íŠœë¸Œ æœ‰)\"""", ""listing_type"": ""LST001"", ""listing_type_names"": ""ì„ëŒ€"", ""corporation_name"": ""ë‹¥í„°ìœ„ë„ˆìŠ¤"", ""lease_property"": {""area_supply"": 158.0, ""area_exclusive"": 158.0, ""monthly_rent"": 550, ""deposit"": 10000, ""premium"": 0, ""management_cost"": 58, ""floor_current"": 3, ""floor_total"": 4, ""floor_underground"": 2, ""dealer_type"": ""2"", ""dealer_type_name"": ""ì¤‘ê°œê±°ë˜""}, ""specialty"": {""codes"": [""SPC115"", ""SPC118"", ""SPC122""], ""code_names"": ""ì´ë¹„ì¸í›„ê³¼,ì •ì‹ ê±´ê°•ì˜í•™ê³¼,í”¼ë¶€ê³¼""}, ""location"": {""address"": ""ì„œìš¸ ì„±ë¶êµ¬ ë³´êµ­ë¬¸ë¡œ 33, 0"", ""coordinates"": ""37.6073767,127.0101198""}, ""period"": {""created_at"": ""2024-08-19T13:16:11Z"", ""updated_at"": ""2025-03-20T16:18:09Z""}}"
"https://t2-new.medigate.net/lease/352996","{""content_id"": 352996, ""title"": ""74.ê¹€í•´ ì†Œì•„ê³¼ ì¼300ëª…, ENT 150ëª…, ë‚´ê³¼100ëª…,ì¹˜ê³¼ Aê¸‰ê°œì›ì…ì§€(ìœ íŠœë¸Œ æœ‰)"", ""listing_type"": ""LST001"", ""listing_type_names"": ""ì„ëŒ€"", ""corporation_name"": ""ë‹¥í„°ìœ„ë„ˆìŠ¤"", ""lease_property"": {""area_supply"": 231.0, ""area_exclusive"": 188.0, ""monthly_rent"": 280, ""deposit"": 3000, ""premium"": 0, ""management_cost"": 30, ""floor_current"": 2, ""floor_total"": 3, ""floor_underground"": 1, ""dealer_type"": ""2"", ""dealer_type_name"": ""ì¤‘ê°œê±°ë˜""}, ""specialty"": {""codes"": [""SPC103"", ""SPC109"", ""SPC115""], ""code_names"": ""ë‚´ê³¼,ì†Œì•„ì²­ì†Œë…„ê³¼,ì´ë¹„ì¸í›„ê³¼""}, ""location"": {""address"": ""ê²½ë‚¨ ê¹€í•´ì‹œ ì¥ìœ ë¡œ334ë²ˆê¸¸ 17 2ì¸µ"", ""coordinates"": ""35.1957091,128.8152301""}, ""period"": {""created_at"": ""2024-08-26T00:16:00Z"", ""updated_at"": ""2025-03-20T16:17:56Z""}}"
"https://t2-new.medigate.net/lease/353358","{""content_id"": 353358, ""title"": ""79.ì¥ìŠ¹ë°°ê¸°ì—­ ê°œì›ì…ì§€-ë‚´ê³¼,ì•ˆê³¼,ì†Œì•„ê³¼,í”¼ë¶€ê³¼,ì´ë¹„ì¸í›„ê³¼,ì •í˜•ì™¸ê³¼,ì‚°ë¶€ì¸ê³¼,ì¹˜ê³¼(ìœ íŠœë¸Œ æœ‰)"", ""listing_type"": ""LST001"", ""listing_type_names"": ""ì„ëŒ€"", ""corporation_name"": ""ë‹¥í„°ìœ„ë„ˆìŠ¤"", ""lease_property"": {""area_supply"": 264.0, ""area_exclusive"": 132.0, ""monthly_rent"": 720, ""deposit"": 10000, ""premium"": 0, ""management_cost"": 30, ""floor_current"": 3, ""floor_total"": 29, ""floor_underground"": 6, ""dealer_type"": ""2"", ""dealer_type_name"": ""ì¤‘ê°œê±°ë˜""}, ""specialty"": {""codes"": [""SPC103"", ""SPC104"", ""SPC106"", ""SPC107"", ""SPC108"", ""SPC109"", ""SPC111"", ""SPC115"", ""SPC117"", ""SPC118"", ""SPC122""], ""code_names"": ""ë‚´ê³¼,ë§ˆì·¨í†µì¦ì˜í•™ê³¼,ë¹„ë‡¨ì˜í•™ê³¼,ì‚°ë¶€ì¸ê³¼,ì„±í˜•ì™¸ê³¼,ì†Œì•„ì²­ì†Œë…„ê³¼,ì‹ ê²½ì™¸ê³¼,ì´ë¹„ì¸í›„ê³¼,ì¬í™œì˜í•™ê³¼,ì •ì‹ ê±´ê°•ì˜í•™ê³¼,í”¼ë¶€ê³¼""}, ""location"": {""address"": ""ì„œìš¸ ë™ì‘êµ¬ ìƒë„ë¡œ13ê°€ê¸¸ 6-2 ì œ2ì¸µ"", ""coordinates"": ""37.5004606,126.9311535""}, ""period"": {""created_at"": ""2024-09-03T23:10:32Z"", ""updated_at"": ""2025-05-11T04:55:47Z""}}"
"https://t2-new.medigate.net/lease/354815","{""content_id"": 354815, ""title"": ""ì¸ì²œ êµ¬ì›”ë™// ì¤‘ì‹¬ìƒê¶Œ ì‹ ì¶•"", ""listing_type"": ""LST001"", ""listing_type_names"": ""ì„ëŒ€"", ""corporation_name"": ""ëŒ€í•œë¯¼êµ­ì •ì§í•œì‚¬ëŒë“¤ê³µì¸ì¤‘ê°œì‚¬ì‚¬ë¬´ì†Œ"", ""lease_property"": {""area_supply"": 1.0, ""area_exclusive"": 290.0, ""monthly_rent"": 800, ""deposit"": 15000, ""premium"": 0, ""management_cost"": 100, ""floor_current"": 0, ""floor_total"": 7, ""floor_underground"": 2, ""dealer_type"": ""2"", ""dealer_type_name"": ""ì¤‘ê°œê±°ë˜""}, ""specialty"": {""codes"": [""SPC103"", ""SPC106"", ""SPC112"", ""SPC119""], ""code_names"": ""ë‚´ê³¼,ë¹„ë‡¨ì˜í•™ê³¼,ì•ˆê³¼,ì •í˜•ì™¸ê³¼""}, ""location"": {""address"": ""ì¸ì²œ ë‚¨ë™êµ¬ êµ¬ì›”ë™ 1454-2, 00"", ""coordinates"": ""37.4466414,126.7028248""}, ""period"": {""created_at"": ""2024-10-14T18:29:11Z"", ""updated_at"": ""2025-11-24T17:48:00Z""}}"
"https://t2-new.medigate.net/lease/356193","{""content_id"": 356193, ""title"": ""80.íŒŒì£¼ìš´ì •ì§€êµ¬(ì‹ ì„±í”„ë¼ì) ë³‘ì›ìƒê¶Œì…ì§€ë¶„ì„ê³¼ ì†Œì•„ê³¼,ì¹˜ê³¼,ì´ë¹„ì¸í›„ê³¼ ê°œì›ì…ì§€ì¶”ì²œ(ìœ íŠœë¸Œ æœ‰)"", ""listing_type"": ""LST001"", ""listing_type_names"": ""ì„ëŒ€"", ""corporation_name"": ""ë‹¥í„°ìœ„ë„ˆìŠ¤"", ""lease_property"": {""area_supply"": 364.0, ""area_exclusive"": 174.0, ""monthly_rent"": 460, ""deposit"": 7000, ""premium"": 0, ""management_cost"": 40, ""floor_current"": 4, ""floor_total"": 5, ""floor_underground"": 3, ""dealer_type"": ""2"", ""dealer_type_name"": ""ì¤‘ê°œê±°ë˜""}, ""specialty"": {""codes"": [""SPC101"", ""SPC109"", ""SPC115""], ""code_names"": ""ê°€ì •ì˜í•™ê³¼,ì†Œì•„ì²­ì†Œë…„ê³¼,ì´ë¹„ì¸í›„ê³¼""}, ""location"": {""address"": ""ê²½ê¸° íŒŒì£¼ì‹œ í•´ì˜¬ë¡œ 50-47 ì œ4ì¸µ"", ""coordinates"": ""37.7384823,126.7307325""}, ""period"": {""created_at"": ""2024-11-19T16:36:54Z"", ""updated_at"": ""2025-03-20T16:17:27Z""}}"
"https://t2-new.medigate.net/lease/35470","{""content_id"": 35470, ""title"": ""82.ë¹„ë´‰ì§€êµ¬ 9ì²œì„¸ëŒ€ í•­ì•„ë¦¬ìƒê¶Œ (ì‹¤100í‰~ì‹¤40í‰ ë‹¤ì–‘) ë‚´ê³¼ ì†Œì•„ê³¼ ì´ë¹„ì¸í›„ê³¼ ì •í˜•ì™¸ê³¼ ì„ëŒ€/ë¶„ì–‘(ìœ íŠœë¸Œ æœ‰)"", ""listing_type"": ""LST001"", ""listing_type_names"": ""ì„ëŒ€"", ""corporation_name"": ""ë‹¥í„°ìœ„ë„ˆìŠ¤"", ""lease_property"": {""area_supply"": 446.0, ""area_exclusive"": 347.0, ""monthly_rent"": 1080, ""deposit"": 13000, ""premium"": 0, ""management_cost"": 50, ""floor_current"": 3, ""floor_total"": 6, ""floor_underground"": 2, ""dealer_type"": ""2"", ""dealer_type_name"": ""ì¤‘ê°œê±°ë˜""}, ""specialty"": {""codes"": [""SPC103"", ""SPC109"", ""SPC115"", ""SPC119""], ""code_names"": ""ë‚´ê³¼,ì†Œì•„ì²­ì†Œë…„ê³¼,ì´ë¹„ì¸í›„ê³¼,ì •í˜•ì™¸ê³¼""}, ""location"": {""address"": ""ê²½ê¸° í™”ì„±ì‹œ ë¹„ë´‰ë©´ ê°„ê³¡1ê¸¸ 5"", ""coordinates"": ""37.2468646,126.8725623""}, ""period"": {""created_at"": ""2024-12-13T11:49:38Z"", ""updated_at"": ""2025-03-20T16:17:12Z""}}"
"https://t2-new.medigate.net/lease/357527","{""content_id"": 357527, ""title"": ""ë¶€ì²œ // êµ¬ì£¼ê±°,ì¬ë˜ì‹œì¥ ì‹ ì¶• - ë‚´ê³¼ê°•ì¶”, ê°€ì •ì˜í•™ê³¼, ì´ë¹„ì¸í›„ê³¼, í”¼ë¶€ê³¼ ì¶”ì²œ"", ""listing_type"": ""LST001"", ""listing_type_names"": ""ì„ëŒ€"", ""corporation_name"": ""ëŒ€í•œë¯¼êµ­ì •ì§í•œì‚¬ëŒë“¤ê³µì¸ì¤‘ê°œì‚¬ì‚¬ë¬´ì†Œ"", ""lease_property"": {""area_supply"": 167.8, ""area_exclusive"": 152.0, ""monthly_rent"": 350, ""deposit"": 10000, ""premium"": 0, ""management_cost"": 40, ""floor_current"": 0, ""floor_total"": 5, ""floor_underground"": 1, ""dealer_type"": ""2"", ""dealer_type_name"": ""ì¤‘ê°œê±°ë˜""}, ""specialty"": {""codes"": [""SPC101"", ""SPC103"", ""SPC115"", ""SPC122""], ""code_names"": ""ê°€ì •ì˜í•™ê³¼,ë‚´ê³¼,ì´ë¹„ì¸í›„ê³¼,í”¼ë¶€ê³¼""}, ""location"": {""address"": ""ê²½ê¸° ë¶€ì²œì‹œ ì›ë¯¸êµ¬ ì•½ëŒ€ë™ 216-1, 00"", ""coordinates"": ""37.5161304,126.7669014""}, ""period"": {""created_at"": ""2024-12-14T15:53:42Z"", ""updated_at"": ""2024-12-14T19:05:56Z""}}"
"https://t2-new.medigate.net/lease/357529","{""content_id"": 357529, ""title"": ""ì†¡íŒŒ ì¢…í•©ë³‘ì› ì¸ê·¼ ì˜ë£Œì‹œì„¤ : ì „ìš© 600~1,000í‰"", ""listing_type"": ""LST001"", ""listing_type_names"": ""ì„ëŒ€"", ""corporation_name"": ""ëŒ€í•œë¯¼êµ­ì •ì§í•œì‚¬ëŒë“¤ê³µì¸ì¤‘ê°œì‚¬ì‚¬ë¬´ì†Œ"", ""lease_property"": {""area_supply"": 2877.0, ""area_exclusive"": 1924.0, ""monthly_rent"": 7000, ""deposit"": 100000, ""premium"": 0, ""management_cost"": 1800, ""floor_current"": 0, ""floor_total"": 5, ""floor_underground"": 2, ""dealer_type"": ""2"", ""dealer_type_name"": ""ì¤‘ê°œê±°ë˜""}, ""specialty"": {""codes"": [""SPC101"", ""SPC103"", ""SPC109"", ""SPC119""], ""code_names"": ""ê°€ì •ì˜í•™ê³¼,ë‚´ê³¼,ì†Œì•„ì²­ì†Œë…„ê³¼,ì •í˜•ì™¸ê³¼""}, ""location"": {""address"": ""ì„œìš¸ ì†¡íŒŒêµ¬ í’ë‚©ë™ 330-1, 00"", ""coordinates"": ""37.5277498,127.1139059""}, ""period"": {""created_at"": ""2024-12-14T16:27:21Z"", ""updated_at"": ""2024-12-14T16:27:21Z""}}"
"https://t2-new.medigate.net/lease/357530","{""content_id"": 357530, ""title"": ""ê²½ê¸° ë™ë¶€ 2ë§Œì„¸ëŒ€ ìƒê¶Œ ì¤‘ì‹¬ì‚¬ê±°ë¦¬ ì½”ë„ˆ ëŒ€í˜• ì‹ ì¶• // ë‚´ê³¼, ì•ˆê³¼, í”¼ë¶€ê³¼ ë“±"", ""listing_type"": ""LST001"", ""listing_type_names"": ""ì„ëŒ€"", ""corporation_name"": ""ëŒ€í•œë¯¼êµ­ì •ì§í•œì‚¬ëŒë“¤ê³µì¸ì¤‘ê°œì‚¬ì‚¬ë¬´ì†Œ"", ""lease_property"": {""area_supply"": 318.0, ""area_exclusive"": 166.0, ""monthly_rent"": 750, ""deposit"": 10000, ""premium"": 0, ""management_cost"": 1800, ""floor_current"": 0, ""floor_total"": 9, ""floor_underground"": 3, ""dealer_type"": ""2"", ""dealer_type_name"": ""ì¤‘ê°œê±°ë˜""}, ""specialty"": {""codes"": [""SPC103"", ""SPC106"", ""SPC107"", ""SPC112"", ""SPC122""], ""code_names"": ""ë‚´ê³¼,ë¹„ë‡¨ì˜í•™ê³¼,ì‚°ë¶€ì¸ê³¼,ì•ˆê³¼,í”¼ë¶€ê³¼""}, ""location"": {""address"": ""ê²½ê¸° ê´‘ì£¼ì‹œ íƒœì „ë™ 687, 00"", ""coordinates"": ""37.3870843,127.2367300""}, ""period"": {""created_at"": ""2024-12-14T19:02:15Z"", ""updated_at"": ""2025-08-12T00:34:01Z""}}"
"https://t2-new.medigate.net/lease/360619","{""content_id"": 360619, ""title"": ""1ë§Œ6ì²œì„¸ëŒ€ ì¤‘ì‹¬(ëŒ€êµ¬ 20ë¶„ê±°ë¦¬) - ê²½ë¶ ì™œê´€ì—­ì„¸ê¶Œì• ì¤‘ì‹¬ëŒ€ë¡œ 1ì¸µ ë³‘ì›ìë¦¬ì„ëŒ€. ë‚´ê³¼ ì´ë¹„ì¸í›„ê³¼ í”¼ë¶€ê³¼ ì•ˆê³¼"", ""listing_type"": ""LST001"", ""listing_type_names"": ""ì„ëŒ€"", ""corporation_name"": ""ë‹¥í„°ìœ„ë„ˆìŠ¤"", ""lease_property"": {""area_supply"": 200.0, ""area_exclusive"": 182.0, ""monthly_rent"": 500, ""deposit"": 20000, ""premium"": 0, ""management_cost"": 0, ""floor_current"": 1, ""floor_total"": 5, ""floor_underground"": 0, ""dealer_type"": ""2"", ""dealer_type_name"": ""ì¤‘ê°œê±°ë˜""}, ""specialty"": {""codes"": [""SPC103"", ""SPC106"", ""SPC110"", ""SPC112"", ""SPC115"", ""SPC118"", ""SPC119"", ""SPC122""], ""code_names"": ""ë‚´ê³¼,ë¹„ë‡¨ì˜í•™ê³¼,ì‹ ê²½ê³¼,ì•ˆê³¼,ì´ë¹„ì¸í›„ê³¼,ì •ì‹ ê±´ê°•ì˜í•™ê³¼,ì •í˜•ì™¸ê³¼,í”¼ë¶€ê³¼""}, ""location"": {""address"": ""ê²½ë¶ ì¹ ê³¡êµ° ì™œê´€ì ì¤‘ì•™ë¡œ 187-1 1ì¸µ"", ""coordinates"": ""35.9916625,128.3990371""}, ""period"": {""created_at"": ""2025-02-21T22:49:59Z"", ""updated_at"": ""2025-02-21T22:51:19Z""}}"
"https://t2-new.medigate.net/lease/361839","{""content_id"": 361839, ""title"": ""1ë§Œì„¸ëŒ€ ê³ ì–‘ì‹œ í–¥ë™ì§€êµ¬ - ë§ˆíŠ¸ë¼ê³  ì´ˆë“±í•™êµ í–‰ë‹¨ë³´ë„ ì• ë³‘ì˜ì›ì„ëŒ€"", ""listing_type"": ""LST001"", ""listing_type_names"": ""ì„ëŒ€"", ""corporation_name"": ""ë‹¥í„°ìœ„ë„ˆìŠ¤"", ""lease_property"": {""area_supply"": 180.0, ""area_exclusive"": 132.0, ""monthly_rent"": 250, ""deposit"": 5000, ""premium"": 0, ""management_cost"": 20, ""floor_current"": 2, ""floor_total"": 5, ""floor_underground"": 2, ""dealer_type"": ""2"", ""dealer_type_name"": ""ì¤‘ê°œê±°ë˜""}, ""specialty"": {""codes"": [""SPC101"", ""SPC107"", ""SPC110"", ""SPC116""], ""code_names"": ""ê°€ì •ì˜í•™ê³¼,ì‚°ë¶€ì¸ê³¼,ì‹ ê²½ê³¼,ì¼ë°˜ì˜""}, ""location"": {""address"": ""ê²½ê¸° ê³ ì–‘ì‹œ ë•ì–‘êµ¬ í–¥ê¸°ë¡œ 58 2ì¸µ"", ""coordinates"": ""37.5951764,126.8923059""}, ""period"": {""created_at"": ""2025-03-20T15:40:17Z"", ""updated_at"": ""2025-03-20T15:40:18Z""}}"
"https://t2-new.medigate.net/lease/361840","{""content_id"": 361840, ""title"": ""83.í™”ì„±ì‹œ ë‚´ë¦¬ì§€êµ¬ í”„ë¼ì´ë“œìŠ¤í€˜ì–´. ê°€ì •ì˜í•™ê³¼ ë° ì†Œì•„ê³¼ ì…ì§€ì¶”ì²œ(ìœ íŠœë¸Œ æœ‰)"", ""listing_type"": ""LST001"", ""listing_type_names"": ""ì„ëŒ€"", ""corporation_name"": ""ë‹¥í„°ìœ„ë„ˆìŠ¤"", ""lease_property"": {""area_supply"": 220.0, ""area_exclusive"": 150.0, ""monthly_rent"": 320, ""deposit"": 5000, ""premium"": 0, ""management_cost"": 20, ""floor_current"": 3, ""floor_total"": 5, ""floor_underground"": 2, ""dealer_type"": ""2"", ""dealer_type_name"": ""ì¤‘ê°œê±°ë˜""}, ""specialty"": {""codes"": [""SPC101"", ""SPC109"", ""SPC116""], ""code_names"": ""ê°€ì •ì˜í•™ê³¼,ì†Œì•„ì²­ì†Œë…„ê³¼,ì¼ë°˜ì˜""}, ""location"": {""address"": ""ê²½ê¸° í™”ì„±ì‹œ ë´‰ë‹´ì ì‚¼ë´‰ì•ˆ3ê¸¸ 6-5 3ì¸µ"", ""coordinates"": ""37.2250263,126.9246741""}, ""period"": {""created_at"": ""2025-03-20T16:16:08Z"", ""updated_at"": ""2025-03-20T16:58:36Z""}}"
"https://t2-new.medigate.net/lease/362406","{""content_id"": 362406, ""title"": ""ë™ëŒ€ë¬¸êµ¬ ì—­ì„¸ê¶Œ(3ê°œí˜¸ì„ ) ì½”ë„ˆê±´ë¬¼ - ë‚´ê³¼, ì´ë¹„ì¸í›„ê³¼, ì•ˆê³¼, í”¼ë¶€ê³¼, ë¹„ë‡¨ê¸°ê³¼"", ""listing_type"": ""LST001"", ""listing_type_names"": ""ì„ëŒ€"", ""corporation_name"": ""ëŒ€í•œë¯¼êµ­ì •ì§í•œì‚¬ëŒë“¤ê³µì¸ì¤‘ê°œì‚¬ì‚¬ë¬´ì†Œ"", ""lease_property"": {""area_supply"": 251.0, ""area_exclusive"": 251.0, ""monthly_rent"": 570, ""deposit"": 5000, ""premium"": 0, ""management_cost"": 270, ""floor_current"": 6, ""floor_total"": 10, ""floor_underground"": 2, ""dealer_type"": ""2"", ""dealer_type_name"": ""ì¤‘ê°œê±°ë˜""}, ""specialty"": {""codes"": [""SPC103"", ""SPC106"", ""SPC108"", ""SPC112"", ""SPC115"", ""SPC122""], ""code_names"": ""ë‚´ê³¼,ë¹„ë‡¨ì˜í•™ê³¼,ì„±í˜•ì™¸ê³¼,ì•ˆê³¼,ì´ë¹„ì¸í›„ê³¼,í”¼ë¶€ê³¼""}, ""location"": {""address"": ""ì„œìš¸ ë™ëŒ€ë¬¸êµ¬ ë‚œê³„ë¡œ 254, 00"", ""coordinates"": ""37.5743329,127.0237359""}, ""period"": {""created_at"": ""2025-03-31T17:44:28Z"", ""updated_at"": ""2025-03-31T17:44:29Z""}}"
"https://t2-new.medigate.net/lease/362608","{""content_id"": 362608, ""title"": ""ê¸ˆì²œêµ¬ êµ¬ì£¼ê±°ì§€ì—­ ë©”ì¸ìƒê¶Œ - ê°€ì •ì˜í•™ê³¼"", ""listing_type"": ""LST001"", ""listing_type_names"": ""ì„ëŒ€"", ""corporation_name"": ""ëŒ€í•œë¯¼êµ­ì •ì§í•œì‚¬ëŒë“¤ê³µì¸ì¤‘ê°œì‚¬ì‚¬ë¬´ì†Œ"", ""lease_property"": {""area_supply"": 287.0, ""area_exclusive"": 177.0, ""monthly_rent"": 300, ""deposit"": 5000, ""premium"": 0, ""management_cost"": 70, ""floor_current"": 3, ""floor_total"": 5, ""floor_underground"": 2, ""dealer_type"": ""2"", ""dealer_type_name"": ""ì¤‘ê°œê±°ë˜""}, ""specialty"": {""codes"": [""SPC101"", ""SPC103"", ""SPC115""], ""code_names"": ""ê°€ì •ì˜í•™ê³¼,ë‚´ê³¼,ì´ë¹„ì¸í›„ê³¼""}, ""location"": {""address"": ""ì„œìš¸ ê¸ˆì²œêµ¬ ì‹œí¥ë™ 904-22, 00"", ""coordinates"": ""37.4488858,126.9032455""}, ""period"": {""created_at"": ""2025-04-04T15:14:31Z"", ""updated_at"": ""2025-04-04T15:14:31Z""}}"
"https://t2-new.medigate.net/lease/364000","{""content_id"": 364000, ""title"": ""ì„œìš¸ê°•ë™êµ¬ ë‚´ê³¼. ê°€ì •ì˜í•™ê³¼..(ì§€ì›)"", ""listing_type"": ""LST001"", ""listing_type_names"": ""ì„ëŒ€"", ""corporation_name"": ""ë¯¿ìŒì»¨ì„¤íŒ…"", ""lease_property"": {""area_supply"": 300.0, ""area_exclusive"": 142.0, ""monthly_rent"": 450, ""deposit"": 10000, ""premium"": 0, ""management_cost"": 0, ""floor_current"": 2, ""floor_total"": 5, ""floor_underground"": 2, ""dealer_type"": ""2"", ""dealer_type_name"": ""ì¤‘ê°œê±°ë˜""}, ""specialty"": {""codes"": [""SPC101"", ""SPC103""], ""code_names"": ""ê°€ì •ì˜í•™ê³¼,ë‚´ê³¼""}, ""location"": {""address"": ""ì„œìš¸ ê°•ë™êµ¬ ê°•ë™ëŒ€ë¡œ ì§€í•˜ 303, 221"", ""coordinates"": ""37.5194242,127.1384273""}, ""period"": {""created_at"": ""2025-05-02T22:15:33Z"", ""updated_at"": ""2025-05-02T22:15:33Z""}}"
"https://t2-new.medigate.net/lease/364004","{""content_id"": 364004, ""title"": ""ìš”ì–‘ë³‘ì› ì–‘ë„ (200ë² ë“œ) í˜„ê¸ˆ 8ì–µì •ë„ë©´...(ìˆœìµ5ì²œ)"", ""listing_type"": ""LST002"", ""listing_type_names"": ""ì–‘ë„"", ""corporation_name"": ""ë¯¿ìŒì»¨ì„¤íŒ…"", ""lease_property"": {""area_supply"": 8400.0, ""area_exclusive"": 4200.0, ""monthly_rent"": 2800, ""deposit"": 50000, ""premium"": 280000, ""management_cost"": 1, ""floor_current"": 3, ""floor_total"": 10, ""floor_underground"": 3, ""dealer_type"": ""2"", ""dealer_type_name"": ""ì¤‘ê°œê±°ë˜""}, ""specialty"": {""codes"": [""SPC101"", ""SPC103"", ""SPC111"", ""SPC116"", ""SPC117""], ""code_names"": ""ê°€ì •ì˜í•™ê³¼,ë‚´ê³¼,ì‹ ê²½ì™¸ê³¼,ì¼ë°˜ì˜,ì¬í™œì˜í•™ê³¼""}, ""location"": {""address"": ""ëŒ€ì „ ëŒ€ë•êµ¬ ê³„ì¡±ë¡œ489ë²ˆê¸¸ 66, 222"", ""coordinates"": ""36.3557477,127.4290127""}, ""period"": {""created_at"": ""2025-05-02T23:18:50Z"", ""updated_at"": ""2025-05-02T23:18:50Z""}}"
"https://t2-new.medigate.net/lease/364010","{""content_id"": 364010, ""title"": ""ê²½ê¸°ë‚¨ë¶€ 4ì²œì—¬ì„¸ëŒ€ ì™„ì „ë…ì . ë‚´ê³¼. ê°€ì •ì˜í•™ê³¼.(ì§€ì›ìˆìŠ´)"", ""listing_type"": ""LST001"", ""listing_type_names"": ""ì„ëŒ€"", ""corporation_name"": ""ë¯¿ìŒì»¨ì„¤íŒ…"", ""lease_property"": {""area_supply"": 540.0, ""area_exclusive"": 276.0, ""monthly_rent"": 545, ""deposit"": 8000, ""premium"": 0, ""management_cost"": 1, ""floor_current"": 3, ""floor_total"": 7, ""floor_underground"": 2, ""dealer_type"": ""2"", ""dealer_type_name"": ""ì¤‘ê°œê±°ë˜""}, ""specialty"": {""codes"": [""SPC101"", ""SPC103""], ""code_names"": ""ê°€ì •ì˜í•™ê³¼,ë‚´ê³¼""}, ""location"": {""address"": ""ê²½ê¸° í™”ì„±ì‹œ ë´‰ë‹´ì ê°€ëŠ¥ê³¨1ê¸¸ 3, 223"", ""coordinates"": ""37.1857701,126.9378213""}, ""period"": {""created_at"": ""2025-05-05T10:06:21Z"", ""updated_at"": ""2025-05-05T10:06:22Z""}}"
"https://t2-new.medigate.net/lease/364019","{""content_id"": 364019, ""title"": ""40ì—¬ë…„ ì§„ë£Œì¤‘. ì–‘ë„ë¹„ìš©ë¬´..(ìê°€ê±´ë¬¼)"", ""listing_type"": ""LST002"", ""listing_type_names"": ""ì–‘ë„"", ""corporation_name"": ""ë¯¿ìŒì»¨ì„¤íŒ…"", ""lease_property"": {""area_supply"": 710.0, ""area_exclusive"": 374.0, ""monthly_rent"": 500, ""deposit"": 10000, ""premium"": 0, ""management_cost"": 0, ""floor_current"": 2, ""floor_total"": 4, ""floor_underground"": 2, ""dealer_type"": ""2"", ""dealer_type_name"": ""ì¤‘ê°œê±°ë˜""}, ""specialty"": {""codes"": [""SPC101"", ""SPC111"", ""SPC114"", ""SPC117"", ""SPC119""], ""code_names"": ""ê°€ì •ì˜í•™ê³¼,ì‹ ê²½ì™¸ê³¼,ì™¸ê³¼,ì¬í™œì˜í•™ê³¼,ì •í˜•ì™¸ê³¼""}, ""location"": {""address"": ""ê°•ì›íŠ¹ë³„ìì¹˜ë„ ì² ì›êµ° ë™ì†¡ì ê°•íšŒë™ê¸¸ 61, 112"", ""coordinates"": ""38.2272325,127.2442291""}, ""period"": {""created_at"": ""2025-05-05T16:07:13Z"", ""updated_at"": ""2025-05-05T16:07:14Z""}}"
"https://t2-new.medigate.net/lease/364022","{""content_id"": 364022, ""title"": ""ì •í˜•ì™¸ê³¼ìë¦¬..ì „ì² ì—­ì•.. ë¶„ë‹¹"", ""listing_type"": ""LST001"", ""listing_type_names"": ""ì„ëŒ€"", ""corporation_name"": ""ë¯¿ìŒì»¨ì„¤íŒ…"", ""lease_property"": {""area_supply"": 540.0, ""area_exclusive"": 276.0, ""monthly_rent"": 550, ""deposit"": 10000, ""premium"": 0, ""management_cost"": 1, ""floor_current"": 3, ""floor_total"": 8, ""floor_underground"": 2, ""dealer_type"": ""2"", ""dealer_type_name"": ""ì¤‘ê°œê±°ë˜""}, ""specialty"": {""codes"": [""SPC111"", ""SPC117"", ""SPC119""], ""code_names"": ""ì‹ ê²½ì™¸ê³¼,ì¬í™œì˜í•™ê³¼,ì •í˜•ì™¸ê³¼""}, ""location"": {""address"": ""ê²½ê¸° ì„±ë‚¨ì‹œ ë¶„ë‹¹êµ¬ ê¸ˆê³¡ë¡œ 233, 213"", ""coordinates"": ""37.3535029,127.1154112""}, ""period"": {""created_at"": ""2025-05-05T16:08:15Z"", ""updated_at"": ""2025-05-05T16:08:15Z""}}"
"https://t2-new.medigate.net/lease/364025","{""content_id"": 364025, ""title"": ""ì„œìš¸ ì „ì² ì—­ì• í†µì¦ì–‘ë„ ì¡°ê±´ì¢‹ìŒ.."", ""listing_type"": ""LST002"", ""listing_type_names"": ""ì–‘ë„"", ""corporation_name"": ""ë¯¿ìŒì»¨ì„¤íŒ…"", ""lease_property"": {""area_supply"": 720.0, ""area_exclusive"": 360.0, ""monthly_rent"": 850, ""deposit"": 20000, ""premium"": 10000, ""management_cost"": 1, ""floor_current"": 2, ""floor_total"": 8, ""floor_underground"": 2, ""dealer_type"": ""2"", ""dealer_type_name"": ""ì¤‘ê°œê±°ë˜""}, ""specialty"": {""codes"": [""SPC106"", ""SPC117"", ""SPC119""], ""code_names"": ""ë¹„ë‡¨ì˜í•™ê³¼,ì¬í™œì˜í•™ê³¼,ì •í˜•ì™¸ê³¼""}, ""location"": {""address"": ""ì„œìš¸ ì¤‘ë‘êµ¬ ë§ìš°ë¡œ55ê¸¸ 11-10, 123"", ""coordinates"": ""37.5992876,127.0927566""}, ""period"": {""created_at"": ""2025-05-05T16:09:12Z"", ""updated_at"": ""2025-05-05T16:09:13Z""}}"
"https://t2-new.medigate.net/lease/364027","{""content_id"": 364027, ""title"": ""ì¸ì²œ ì˜¤ë˜ëœ ì •í˜•ì™¸ê³¼ì–‘ë„."", ""listing_type"": ""LST002"", ""listing_type_names"": ""ì–‘ë„"", ""corporation_name"": ""ë¯¿ìŒì»¨ì„¤íŒ…"", ""lease_property"": {""area_supply"": 620.0, ""area_exclusive"": 372.0, ""monthly_rent"": 430, ""deposit"": 10000, ""premium"": 45000, ""management_cost"": 1, ""floor_current"": 2, ""floor_total"": 7, ""floor_underground"": 2, ""dealer_type"": ""2"", ""dealer_type_name"": ""ì¤‘ê°œê±°ë˜""}, ""specialty"": {""codes"": [""SPC119""], ""code_names"": ""ì •í˜•ì™¸ê³¼""}, ""location"": {""address"": ""ê²½ê¸° ë¶€ì²œì‹œ ì†Œì‚¬êµ¬ ê²½ì¸ë¡œ10ë²ˆê¸¸ 25-44, 111"", ""coordinates"": ""37.4803423,126.7559551""}, ""period"": {""created_at"": ""2025-05-05T16:09:47Z"", ""updated_at"": ""2025-05-05T16:09:47Z""}}"
"https://t2-new.medigate.net/lease/364029","{""content_id"": 364029, ""title"": ""2í˜¸ì„  ë”ë¸”ì—­ì„¸ê¶Œ(ì‹ ë¦¼,ë´‰ì²œ)ë‚´ê³¼,ì´ë¹„ì¸í›„ê³¼ íŠ¹ê¸‰ê°œì›ì§€(ì§€ì› ì–‘í˜¸)"", ""listing_type"": ""LST001"", ""listing_type_names"": ""ì„ëŒ€"", ""corporation_name"": ""ë¯¿ìŒì»¨ì„¤íŒ…"", ""lease_property"": {""area_supply"": 520.0, ""area_exclusive"": 325.0, ""monthly_rent"": 1000, ""deposit"": 10000, ""premium"": 0, ""management_cost"": 1, ""floor_current"": 2, ""floor_total"": 5, ""floor_underground"": 1, ""dealer_type"": ""2"", ""dealer_type_name"": ""ì¤‘ê°œê±°ë˜""}, ""specialty"": {""codes"": [""SPC101"", ""SPC103"", ""SPC115""], ""code_names"": ""ê°€ì •ì˜í•™ê³¼,ë‚´ê³¼,ì´ë¹„ì¸í›„ê³¼""}, ""location"": {""address"": ""ì„œìš¸ ê´€ì•…êµ¬ ì‹ ë¦¼ë™ 1410-14 2ì¸µ"", ""coordinates"": ""37.4850552,126.9339826""}, ""period"": {""created_at"": ""2025-05-05T16:10:23Z"", ""updated_at"": ""2025-05-05T16:10:24Z""}}"
"https://t2-new.medigate.net/lease/364031","{""content_id"": 364031, ""title"": ""ë‚´ê³¼. ê°€ì •ì˜í•™ê³¼. ì „ì² ì—­ì•. 1ì¸µ."", ""listing_type"": ""LST001"", ""listing_type_names"": ""ì„ëŒ€"", ""corporation_name"": ""ë¯¿ìŒì»¨ì„¤íŒ…"", ""lease_property"": {""area_supply"": 400.0, ""area_exclusive"": 218.0, ""monthly_rent"": 750, ""deposit"": 8000, ""premium"": 0, ""management_cost"": 0, ""floor_current"": 1, ""floor_total"": 4, ""floor_underground"": 0, ""dealer_type"": ""2"", ""dealer_type_name"": ""ì¤‘ê°œê±°ë˜""}, ""specialty"": {""codes"": [""SPC101"", ""SPC103"", ""SPC123""], ""code_names"": ""ê°€ì •ì˜í•™ê³¼,ë‚´ê³¼,ì‘ê¸‰ì˜í•™ê³¼""}, ""location"": {""address"": ""ì¸ì²œ ë‚¨ë™êµ¬ ë§Œìˆ˜ë™ 12, 12"", ""coordinates"": ""37.4600399,126.7399915""}, ""period"": {""created_at"": ""2025-05-05T16:13:19Z"", ""updated_at"": ""2025-05-05T16:13:20Z""}}"
"https://t2-new.medigate.net/lease/364034","{""content_id"": 364034, ""title"": ""3ë§Œì—¬ì„¸ëŒ€ì˜ ì•ˆê³¼ìë¦¬..ì£¼ì°¨ì¥ì¢‹ê³  ê°€ì‹œì„±ì¢‹ìŠµë‹ˆë‹¤.(í”¼ë¶€ê³¼.)"", ""listing_type"": ""LST001"", ""listing_type_names"": ""ì„ëŒ€"", ""corporation_name"": ""ë¯¿ìŒì»¨ì„¤íŒ…"", ""lease_property"": {""area_supply"": 900.0, ""area_exclusive"": 480.0, ""monthly_rent"": 800, ""deposit"": 10000, ""premium"": 0, ""management_cost"": 0, ""floor_current"": 3, ""floor_total"": 3, ""floor_underground"": 0, ""dealer_type"": ""2"", ""dealer_type_name"": ""ì¤‘ê°œê±°ë˜""}, ""specialty"": {""codes"": [""SPC112"", ""SPC122""], ""code_names"": ""ì•ˆê³¼,í”¼ë¶€ê³¼""}, ""location"": {""address"": ""ê²½ê¸°ë„ ìš©ì¸ì‹œ ìˆ˜ì§€êµ¬ ì‹ ë´‰2ë¡œ 3 (ì‹ ë´‰ë™, êµ­ë¯¼ì€í–‰) 33"", ""coordinates"": ""37.3233263,127.0773717""}, ""period"": {""created_at"": ""2025-05-05T16:15:48Z"", ""updated_at"": ""2025-05-05T16:15:48Z""}}"
"https://t2-new.medigate.net/lease/364035","{""content_id"": 364035, ""title"": ""ë‚´ê³¼ì¢‹ì€ìë¦¬. ì „?ì—­ì•."", ""listing_type"": ""LST001"", ""listing_type_names"": ""ì„ëŒ€"", ""corporation_name"": ""ë¯¿ìŒì»¨ì„¤íŒ…"", ""lease_property"": {""area_supply"": 580.0, ""area_exclusive"": 294.0, ""monthly_rent"": 480, ""deposit"": 7300, ""premium"": 0, ""management_cost"": 1, ""floor_current"": 4, ""floor_total"": 7, ""floor_underground"": 2, ""dealer_type"": ""2"", ""dealer_type_name"": ""ì¤‘ê°œê±°ë˜""}, ""specialty"": {""codes"": [""SPC101"", ""SPC103""], ""code_names"": ""ê°€ì •ì˜í•™ê³¼,ë‚´ê³¼""}, ""location"": {""address"": ""ê²½ê¸°ë„ ê³ ì–‘ì‹œ ì¼ì‚°ë™êµ¬ ì¤‘ì•™ë¡œ 1293 (ì¥í•­ë™, ê³ ì–‘ì¼ì‚°ìš°ì²´êµ­) 119"", ""coordinates"": ""37.6613169,126.7717504""}, ""period"": {""created_at"": ""2025-05-05T16:16:34Z"", ""updated_at"": ""2025-05-05T16:16:34Z""}}"
"https://t2-new.medigate.net/lease/364036","{""content_id"": 364036, ""title"": ""ê°•ë‚¨ì— ë…„33ì–µì‹ ê³ .. (í†µì¦.ìœ„ì£¼"", ""listing_type"": ""LST002"", ""listing_type_names"": ""ì–‘ë„"", ""corporation_name"": ""ë¯¿ìŒì»¨ì„¤íŒ…"", ""lease_property"": {""area_supply"": 1000.0, ""area_exclusive"": 498.0, ""monthly_rent"": 2400, ""deposit"": 60000, ""premium"": 100000, ""management_cost"": 0, ""floor_current"": 2, ""floor_total"": 20, ""floor_underground"": 3, ""dealer_type"": ""2"", ""dealer_type_name"": ""ì¤‘ê°œê±°ë˜""}, ""specialty"": {""codes"": [""SPC110"", ""SPC111"", ""SPC117"", ""SPC119""], ""code_names"": ""ì‹ ê²½ê³¼,ì‹ ê²½ì™¸ê³¼,ì¬í™œì˜í•™ê³¼,ì •í˜•ì™¸ê³¼""}, ""location"": {""address"": ""ì„œìš¸ ê°•ë‚¨êµ¬ ê°€ë¡œìˆ˜ê¸¸ 5 223-1"", ""coordinates"": ""37.5182112,127.0231651""}, ""period"": {""created_at"": ""2025-05-05T16:16:50Z"", ""updated_at"": ""2025-05-05T16:16:51Z""}}"
"https://t2-new.medigate.net/lease/364126","{""content_id"": 364126, ""title"": ""í‰íƒ ì§€ì œ ë™ì‚­ë™ ì‹¤104í‰ ì•½ 3ë§Œì„¸ëŒ€ ì¤‘ì•™ 2ì¸µì½”ë„ˆ ë‚´ê³¼,ì •í˜• íŠ¹ë³„ì„ëŒ€"", ""listing_type"": ""LST001"", ""listing_type_names"": ""ì„ëŒ€"", ""corporation_name"": ""ìœ„ì¦ˆë‹¥í„°ìŠ¤"", ""lease_property"": {""area_supply"": 550.0, ""area_exclusive"": 344.0, ""monthly_rent"": 11, ""deposit"": 11, ""premium"": 0, ""management_cost"": 1, ""floor_current"": 2, ""floor_total"": 3, ""floor_underground"": 1, ""dealer_type"": ""2"", ""dealer_type_name"": ""ì¤‘ê°œê±°ë˜""}, ""specialty"": {""codes"": [""SPC103"", ""SPC104"", ""SPC106"", ""SPC111"", ""SPC117"", ""SPC119""], ""code_names"": ""ë‚´ê³¼,ë§ˆì·¨í†µì¦ì˜í•™ê³¼,ë¹„ë‡¨ì˜í•™ê³¼,ì‹ ê²½ì™¸ê³¼,ì¬í™œì˜í•™ê³¼,ì •í˜•ì™¸ê³¼""}, ""location"": {""address"": ""ê²½ê¸° í‰íƒì‹œ ëª¨ì‚°ì˜ì‹ 1ê¸¸ 5 ."", ""coordinates"": ""37.0206505,127.0861391""}, ""period"": {""created_at"": ""2025-05-07T15:56:22Z"", ""updated_at"": ""2025-10-29T17:49:36Z""}}"
"https://t2-new.medigate.net/lease/364132","{""content_id"": 364132, ""title"": ""[ë¯¸ì¶”í™€êµ¬ ì¸êµ¬ ë°€ì§‘ì§€ì—­] í•™ìµë™ / ë…¸ì¸ì¸êµ¬ 3ë§Œëª… ì´ìƒ - ì •í˜•ì™¸ê³¼, ì•ˆê³¼ ì¶”ì²œ"", ""listing_type"": ""LST001"", ""listing_type_names"": ""ì„ëŒ€"", ""corporation_name"": ""ìœ„ì¦ˆë‹¥í„°ìŠ¤"", ""lease_property"": {""area_supply"": 595.0, ""area_exclusive"": 522.0, ""monthly_rent"": 11, ""deposit"": 11, ""premium"": 0, ""management_cost"": 0, ""floor_current"": 0, ""floor_total"": 1, ""floor_underground"": 1, ""dealer_type"": ""2"", ""dealer_type_name"": ""ì¤‘ê°œê±°ë˜""}, ""specialty"": {""codes"": [""SPC104"", ""SPC112"", ""SPC117"", ""SPC119""], ""code_names"": ""ë§ˆì·¨í†µì¦ì˜í•™ê³¼,ì•ˆê³¼,ì¬í™œì˜í•™ê³¼,ì •í˜•ì™¸ê³¼""}, ""location"": {""address"": ""ì¸ì²œ ë¯¸ì¶”í™€êµ¬ ì¬ë„˜ì´ê¸¸9ë²ˆê¸¸ 51-7 ë³¸ ì…ì§€ì™€ëŠ” ê´€ê³„ ì—†ìŠµë‹ˆë‹¤"", ""coordinates"": ""37.4450574,126.6653931""}, ""period"": {""created_at"": ""2025-05-07T15:58:33Z"", ""updated_at"": ""2025-10-29T17:47:15Z""}}"
"https://t2-new.medigate.net/lease/364133","{""content_id"": 364133, ""title"": ""[ì•„íŒŒíŠ¸ ëŒ€ë‹¨ì§€]í‰ì´Œë™/ì „ìš© 50í‰ ê·œëª¨ / ì¸ì ‘ ë°°í›„ì„¸ëŒ€ 5ì²œ / ì´ë¹„ì¸í›„ê³¼ ê°œì› ì¶”ì²œ"", ""listing_type"": ""LST001"", ""listing_type_names"": ""ì„ëŒ€"", ""corporation_name"": ""ìœ„ì¦ˆë‹¥í„°ìŠ¤"", ""lease_property"": {""area_supply"": 1.0, ""area_exclusive"": 165.0, ""monthly_rent"": 11, ""deposit"": 11, ""premium"": 0, ""management_cost"": 0, ""floor_current"": 3, ""floor_total"": 5, ""floor_underground"": 1, ""dealer_type"": ""2"", ""dealer_type_name"": ""ì¤‘ê°œê±°ë˜""}, ""specialty"": {""codes"": [""SPC115""], ""code_names"": ""ì´ë¹„ì¸í›„ê³¼""}, ""location"": {""address"": ""ê²½ê¸° ì•ˆì–‘ì‹œ ë™ì•ˆêµ¬ ë¶€ë¦¼ë¡œ188ë²ˆê¸¸ 10 ë³¸ ì…ì§€ì™€ ê´€ê³„ ì—†ìŠµë‹ˆë‹¤"", ""coordinates"": ""37.4000812,126.9617839""}, ""period"": {""created_at"": ""2025-05-07T15:58:50Z"", ""updated_at"": ""2025-10-29T17:08:15Z""}}"
"https://t2-new.medigate.net/lease/364134","{""content_id"": 364134, ""title"": ""[ìƒê¶Œë¶„ì„] ì–‘ì£¼ ì˜¥ì •ë™ ì „ìš© 806í‰ ì˜ë£Œì‹œì„¤"", ""listing_type"": """", ""listing_type_names"": ""LST001"", ""corporation_name"": ""ì„ëŒ€"", ""lease_property"": {""area_supply"": 0.0, ""area_exclusive"": 1347.0, ""monthly_rent"": 889, ""deposit"": 11, ""premium"": 11, ""management_cost"": 0, ""floor_current"": 0, ""floor_total"": 5, ""floor_underground"": 10, ""dealer_type"": ""2"", ""dealer_type_name"": ""ì¤‘ê°œê±°ë˜""}, ""specialty"": {""codes"": [], ""code_names"": ""37.8340078,127.0700817""}, ""location"": {""address"": ""2"", ""coordinates"": ""ê²½ê¸° ì–‘ì£¼ì‹œ ê³ ì•”ê¸¸ 275 ë³¸ ìƒê¶Œê³¼ëŠ” ê´€ë ¨ì´ ì—†ìŠµë‹ˆë‹¤""}, ""period"": {""created_at"": ""ì‹ ê²½ì™¸ê³¼,ì¬í™œì˜í•™ê³¼,ì •í˜•ì™¸ê³¼"", ""updated_at"": ""2025-05-07T15:59:05Z""}}"
"https://t2-new.medigate.net/lease/364135","{""content_id"": 364135, ""title"": ""ë¶€í‰êµ¬ ì‚¼ì‚°ë™/ì‚¼ê±°ë¦¬ ì½”ë„ˆ ì…ì§€/ìƒê°€ê°€ ê±°ì˜ ì—†ëŠ” ì§€ì—­/ì‹ ì¶• - 26ë…„ 7ì›” ì¤€ê³µ"", ""listing_type"": ""LST001"", ""listing_type_names"": ""ì„ëŒ€"", ""corporation_name"": ""ìœ„ì¦ˆë‹¥í„°ìŠ¤"", ""lease_property"": {""area_supply"": 672.0, ""area_exclusive"": 342.0, ""monthly_rent"": 11, ""deposit"": 11, ""premium"": 0, ""management_cost"": 0, ""floor_current"": 3, ""floor_total"": 6, ""floor_underground"": 2, ""dealer_type"": ""2"", ""dealer_type_name"": ""ì¤‘ê°œê±°ë˜""}, ""specialty"": {""codes"": [""SPC103"", ""SPC109"", ""SPC115"", ""SPC119""], ""code_names"": ""ë‚´ê³¼,ì†Œì•„ì²­ì†Œë…„ê³¼,ì´ë¹„ì¸í›„ê³¼,ì •í˜•ì™¸ê³¼""}, ""location"": {""address"": ""ì¸ì²œ ë¶€í‰êµ¬ ë¶€í‰ë¶ë¡œ 463 ë³¸ ìƒê¶Œê³¼ ê´€ê³„ ì—†ìŠµë‹ˆë‹¤"", ""coordinates"": ""37.5228648,126.7453140""}, ""period"": {""created_at"": ""2025-05-07T15:59:21Z"", ""updated_at"": ""2025-10-30T09:24:06Z""}}"
"https://t2-new.medigate.net/lease/364136","{""content_id"": 364136, ""title"": ""ê°€ì‚°ë™/ì£¼ê±° ë° ì˜¤í”¼ìŠ¤ í˜¼í•© ë…ì  ìƒê¶Œ/ë°˜ê²½ 500më‚´ ì§ì¥ì¸ 4ë§Œëª…, ê±°ì£¼ì¸êµ¬ 1ë§Œëª…"", ""listing_type"": ""LST001"", ""listing_type_names"": ""ì„ëŒ€"", ""corporation_name"": ""ìœ„ì¦ˆë‹¥í„°ìŠ¤"", ""lease_property"": {""area_supply"": 254.0, ""area_exclusive"": 132.0, ""monthly_rent"": 11, ""deposit"": 11, ""premium"": 0, ""management_cost"": 0, ""floor_current"": 1, ""floor_total"": 1, ""floor_underground"": 1, ""dealer_type"": ""2"", ""dealer_type_name"": ""ì¤‘ê°œê±°ë˜""}, ""specialty"": {""codes"": [""SPC115""], ""code_names"": ""ì´ë¹„ì¸í›„ê³¼""}, ""location"": {""address"": ""ì„œìš¸ ê¸ˆì²œêµ¬ ë””ì§€í„¸ë¡œ9ê¸¸ 23 ë³¸ ìƒê¶Œê³¼ ê´€ë ¨ì—†ìŠµë‹ˆë‹¤"", ""coordinates"": ""37.4787220,126.8864272""}, ""period"": {""created_at"": ""2025-05-07T15:59:36Z"", ""updated_at"": ""2025-10-30T09:33:05Z""}}"
"https://t2-new.medigate.net/lease/364137","{""content_id"": 364137, ""title"": ""í™”ì„± ë¹„ë´‰ì§€êµ¬ í•­ì•„ë¦¬ìƒê¶Œ 1ë§Œì„¸ëŒ€ / ì§„ë£Œê³¼ ì„ ì í•˜ê¸° ë”± ì¢‹ì€ ìƒê¶Œ - ì •í˜•ì™¸ê³¼, ë‚´ê³¼,"", ""listing_type"": ""LST001"", ""listing_type_names"": ""ì„ëŒ€"", ""corporation_name"": ""ìœ„ì¦ˆë‹¥í„°ìŠ¤"", ""lease_property"": {""area_supply"": 1198.0, ""area_exclusive"": 362.0, ""monthly_rent"": 11, ""deposit"": 11, ""premium"": 0, ""management_cost"": 0, ""floor_current"": 3, ""floor_total"": 7, ""floor_underground"": 2, ""dealer_type"": ""2"", ""dealer_type_name"": ""ì¤‘ê°œê±°ë˜""}, ""specialty"": {""codes"": [""SPC103"", ""SPC109"", ""SPC115"", ""SPC119""], ""code_names"": ""ë‚´ê³¼,ì†Œì•„ì²­ì†Œë…„ê³¼,ì´ë¹„ì¸í›„ê³¼,ì •í˜•ì™¸ê³¼""}, ""location"": {""address"": ""ê²½ê¸° í™”ì„±ì‹œ ë´‰ë‹´ì ì‚¼ë´‰ì•ˆ3ê¸¸ 18 ë³¸ ìƒê¶Œê³¼ëŠ” ê´€ë ¨ì´ ì—†ìŠµë‹ˆë‹¤"", ""coordinates"": ""37.2249905,126.9243498""}, ""period"": {""created_at"": ""2025-05-07T15:59:52Z"", ""updated_at"": ""2025-10-30T09:41:44Z""}}"
"https://t2-new.medigate.net/lease/364139","{""content_id"": 364139, ""title"": ""[ìƒê¶Œë¶„ì„] ê²½ê¸° ì˜ì™• ê³ ì²œë™ ìœ„ì¹˜í•œ ê´€ê³µì„œ+ì£¼ê±° í˜¼í•© ìƒê¶Œ ì…ì§€"", ""listing_type"": ""LST001"", ""listing_type_names"": ""ì„ëŒ€"", ""corporation_name"": ""ìœ„ì¦ˆë‹¥í„°ìŠ¤"", ""lease_property"": {""area_supply"": 1.0, ""area_exclusive"": 364.0, ""monthly_rent"": 11, ""deposit"": 11, ""premium"": 0, ""management_cost"": 0, ""floor_current"": 3, ""floor_total"": 1, ""floor_underground"": 1, ""dealer_type"": ""2"", ""dealer_type_name"": ""ì¤‘ê°œê±°ë˜""}, ""specialty"": {""codes"": [""SPC103"", ""SPC104"", ""SPC109"", ""SPC115"", ""SPC119""], ""code_names"": ""ë‚´ê³¼,ë§ˆì·¨í†µì¦ì˜í•™ê³¼,ì†Œì•„ì²­ì†Œë…„ê³¼,ì´ë¹„ì¸í›„ê³¼,ì •í˜•ì™¸ê³¼""}, ""location"": {""address"": ""ê²½ê¸° ì˜ì™•ì‹œ ì›ê³¨ë¡œ 13 ."", ""coordinates"": ""37.3587906,126.9668682""}, ""period"": {""created_at"": ""2025-05-07T16:00:20Z"", ""updated_at"": ""2025-10-30T10:02:40Z""}}"
"https://t2-new.medigate.net/lease/364140","{""content_id"": 364140, ""title"": ""[ìƒê¶Œë¶„ì„] ì¸ì²œ ê²€ë‹¨ ë¶ˆë¡œë™ ì•„íŒŒíŠ¸ ëŒ€ë‹¨ì§€ í•­ì•„ë¦¬ ìƒê¶Œ (25ë…„ 3ì›” ì¤€ê³µ)"", ""listing_type"": ""LST001"", ""listing_type_names"": ""ì„ëŒ€"", ""corporation_name"": ""ìœ„ì¦ˆë‹¥í„°ìŠ¤"", ""lease_property"": {""area_supply"": 1.0, ""area_exclusive"": 308.0, ""monthly_rent"": 11, ""deposit"": 11, ""premium"": 0, ""management_cost"": 0, ""floor_current"": 3, ""floor_total"": 4, ""floor_underground"": 2, ""dealer_type"": ""2"", ""dealer_type_name"": ""ì¤‘ê°œê±°ë˜""}, ""specialty"": {""codes"": [""SPC103"", ""SPC115""], ""code_names"": ""ë‚´ê³¼,ì´ë¹„ì¸í›„ê³¼""}, ""location"": {""address"": ""ì¸ì²œ ì„œêµ¬ ê³ ì‚°í›„ë¡œ 10 ë³¸ ìƒê¶Œê³¼ ê´€ë ¨ì´ ì—†ìŠµë‹ˆë‹¤"", ""coordinates"": ""37.5849881,126.6968758""}, ""period"": {""created_at"": ""2025-05-07T16:00:36Z"", ""updated_at"": ""2025-10-30T10:06:32Z""}}"
"https://t2-new.medigate.net/lease/364141","{""content_id"": 364141, ""title"": ""[ìƒê¶Œë¶„ì„] ì˜¤ì‚° ê¶ë™ ë¯¸ë‹ˆ ì‹ ë„ì‹œ, êµ¬ë„ì‹¬ê¹Œì§€ í¡ìˆ˜ ê°€ëŠ¥í•œ ì •í˜•ì™¸ê³¼, ë‚´ê³¼ ì…ì§€"", ""listing_type"": ""LST001"", ""listing_type_names"": ""ì„ëŒ€"", ""corporation_name"": ""ìœ„ì¦ˆë‹¥í„°ìŠ¤"", ""lease_property"": {""area_supply"": 616.0, ""area_exclusive"": 357.0, ""monthly_rent"": 11, ""deposit"": 11, ""premium"": 0, ""management_cost"": 0, ""floor_current"": 2, ""floor_total"": 1, ""floor_underground"": 1, ""dealer_type"": ""2"", ""dealer_type_name"": ""ì¤‘ê°œê±°ë˜""}, ""specialty"": {""codes"": [""SPC103"", ""SPC104"", ""SPC109"", ""SPC115"", ""SPC119""], ""code_names"": ""ë‚´ê³¼,ë§ˆì·¨í†µì¦ì˜í•™ê³¼,ì†Œì•„ì²­ì†Œë…„ê³¼,ì´ë¹„ì¸í›„ê³¼,ì •í˜•ì™¸ê³¼""}, ""location"": {""address"": ""ê²½ê¸° ì˜¤ì‚°ì‹œ ì”ë‹¤ë¦¬ì•ˆê¸¸ 28 ë³¸ ìƒê¶Œê³¼ ê´€ë ¨ì´ ì—†ìŠµë‹ˆë‹¤"", ""coordinates"": ""37.1876589,127.0388487""}, ""period"": {""created_at"": ""2025-05-07T16:00:50Z"", ""updated_at"": ""2025-10-30T10:12:05Z""}}"
"https://t2-new.medigate.net/lease/364142","{""content_id"": 364142, ""title"": ""[ìƒê¶Œë¶„ì„] ìˆ˜ì› ë‹¹ìˆ˜ë™ ë¯¸ë‹ˆ ì‹ ë„ì‹œ ë©”ì¸ ì‚¬ê±°ë¦¬, 25ë…„ 7ì›” ì¤€ê³µ ì˜ˆì • ì‹ ì¶•"", ""listing_type"": ""LST001"", ""listing_type_names"": ""ì„ëŒ€"", ""corporation_name"": ""ìœ„ì¦ˆë‹¥í„°ìŠ¤"", ""lease_property"": {""area_supply"": 653.0, ""area_exclusive"": 352.0, ""monthly_rent"": 11, ""deposit"": 11, ""premium"": 0, ""management_cost"": 0, ""floor_current"": 5, ""floor_total"": 10, ""floor_underground"": 3, ""dealer_type"": ""2"", ""dealer_type_name"": ""ì¤‘ê°œê±°ë˜""}, ""specialty"": {""codes"": [""SPC107"", ""SPC115"", ""SPC119""], ""code_names"": ""ì‚°ë¶€ì¸ê³¼,ì´ë¹„ì¸í›„ê³¼,ì •í˜•ì™¸ê³¼""}, ""location"": {""address"": ""ê²½ê¸° ìˆ˜ì›ì‹œ ê¶Œì„ êµ¬ ê¸ˆê³¡ë™ 1118-1 ë³¸ ìƒê¶Œê³¼ ê´€ë ¨ì´ ì—†ìŠµë‹ˆë‹¤"", ""coordinates"": ""37.2737260,126.9533283""}, ""period"": {""created_at"": ""2025-05-07T16:01:04Z"", ""updated_at"": ""2025-10-30T10:18:00Z""}}"
"https://t2-new.medigate.net/lease/364143","{""content_id"": 364143, ""title"": ""[ìƒê¶Œë¶„ì„] ê²½ê¸°ë„ í™”ì„± ë¹„ë´‰ì§€êµ¬, í•­ì•„ë¦¬ ì‹ ë„ì‹œ ì¤‘ì‹¬ ì…ì§€ - ì´ë¹„ì¸í›„ê³¼ ì¶”ì²œ"", ""listing_type"": ""LST001"", ""listing_type_names"": ""ì„ëŒ€"", ""corporation_name"": ""ìœ„ì¦ˆë‹¥í„°ìŠ¤"", ""lease_property"": {""area_supply"": 1.0, ""area_exclusive"": 181.0, ""monthly_rent"": 11, ""deposit"": 11, ""premium"": 0, ""management_cost"": 0, ""floor_current"": 3, ""floor_total"": 7, ""floor_underground"": 2, ""dealer_type"": ""2"", ""dealer_type_name"": ""ì¤‘ê°œê±°ë˜""}, ""specialty"": {""codes"": [""SPC115""], ""code_names"": ""ì´ë¹„ì¸í›„ê³¼""}, ""location"": {""address"": ""ê²½ê¸° í™”ì„±ì‹œ ë´‰ë‹´ì ì‚¼ë´‰ì•ˆ3ê¸¸ 18 ë³¸ ìƒê¶Œê³¼ëŠ” ê´€ë ¨ì´ ì—†ìŠµë‹ˆë‹¤"", ""coordinates"": ""37.2249905,126.9243498""}, ""period"": {""created_at"": ""2025-05-07T16:01:18Z"", ""updated_at"": ""2025-10-30T10:23:13Z""}}"
"https://t2-new.medigate.net/lease/364144","{""content_id"": 364144, ""title"": ""[ìƒê¶Œë¶„ì„] ì¸ì²œ ê²€ë‹¨ ì›ë‹¹ë™ / ì—­ì‚¬+ê´€ê³µì„œ+ë¬¸í™”ì‹œì„¤ì´ ëª¨ì—¬ ìˆëŠ” ì¤‘ì‹¬ ì…ì§€"", ""listing_type"": ""LST001"", ""listing_type_names"": ""ì„ëŒ€"", ""corporation_name"": ""ìœ„ì¦ˆë‹¥í„°ìŠ¤"", ""lease_property"": {""area_supply"": 1098.0, ""area_exclusive"": 638.0, ""monthly_rent"": 11, ""deposit"": 11, ""premium"": 0, ""management_cost"": 0, ""floor_current"": 4, ""floor_total"": 9, ""floor_underground"": 2, ""dealer_type"": ""2"", ""dealer_type_name"": ""ì¤‘ê°œê±°ë˜""}, ""specialty"": {""codes"": [""SPC103"", ""SPC104"", ""SPC107"", ""SPC109"", ""SPC112"", ""SPC115"", ""SPC119"", ""SPC122""], ""code_names"": ""ë‚´ê³¼,ë§ˆì·¨í†µì¦ì˜í•™ê³¼,ì‚°ë¶€ì¸ê³¼,ì†Œì•„ì²­ì†Œë…„ê³¼,ì•ˆê³¼,ì´ë¹„ì¸í›„ê³¼,ì •í˜•ì™¸ê³¼,í”¼ë¶€ê³¼""}, ""location"": {""address"": ""ì¸ì²œ ì„œêµ¬ ê³ ì‚°í›„ë¡œ 10 ë³¸ ìƒê¶Œê³¼ ê´€ë ¨ì´ ì—†ìŠµë‹ˆë‹¤"", ""coordinates"": ""37.5849881,126.6968758""}, ""period"": {""created_at"": ""2025-05-07T16:01:33Z"", ""updated_at"": ""2025-10-30T10:27:14Z""}}"
"https://t2-new.medigate.net/lease/364147","{""content_id"": 364147, ""title"": ""[ìƒê¶Œë¶„ì„] ë™ëŒ€ë¬¸êµ¬ ì‹ ì„¤ë™ ì—­ì„¸ê¶Œ, ëŒ€ë¡œë³€ ì˜¤ê±°ë¦¬ì— ìœ„ì¹˜í•œ ì •í˜•ì™¸ê³¼ ì¶”ì²œì§€"", ""listing_type"": ""LST001"", ""listing_type_names"": ""ì„ëŒ€"", ""corporation_name"": ""ìœ„ì¦ˆë‹¥í„°ìŠ¤"", ""lease_property"": {""area_supply"": 1.0, ""area_exclusive"": 413.0, ""monthly_rent"": 11, ""deposit"": 11, ""premium"": 0, ""management_cost"": 0, ""floor_current"": 2, ""floor_total"": 15, ""floor_underground"": 2, ""dealer_type"": ""2"", ""dealer_type_name"": ""ì¤‘ê°œê±°ë˜""}, ""specialty"": {""codes"": [""SPC104"", ""SPC111"", ""SPC117"", ""SPC119""], ""code_names"": ""ë§ˆì·¨í†µì¦ì˜í•™ê³¼,ì‹ ê²½ì™¸ê³¼,ì¬í™œì˜í•™ê³¼,ì •í˜•ì™¸ê³¼""}, ""location"": {""address"": ""ì„œìš¸ ë™ëŒ€ë¬¸êµ¬ ì™•ì‚°ë¡œ 69-2 ë³¸ ìƒê¶Œê³¼ ê´€ë ¨ì´ ì—†ìŠµë‹ˆë‹¤"", ""coordinates"": ""37.5781936,127.0310532""}, ""period"": {""created_at"": ""2025-05-07T16:02:15Z"", ""updated_at"": ""2025-10-30T10:29:08Z""}}"
"https://t2-new.medigate.net/lease/364150","{""content_id"": 364150, ""title"": ""[ìƒê¶Œë¶„ì„] ê²½ê¸° ì˜¤ì‚° ê°€ìˆ˜ë™ ì‚¬ê±°ë¦¬ ì½”ë„ˆì— ìœ„ì¹˜í•œ ì‹ ì¶• ìƒê°€"", ""listing_type"": ""LST001"", ""listing_type_names"": ""ì„ëŒ€"", ""corporation_name"": ""ìœ„ì¦ˆë‹¥í„°ìŠ¤"", ""lease_property"": {""area_supply"": 492.0, ""area_exclusive"": 436.0, ""monthly_rent"": 11, ""deposit"": 11, ""premium"": 0, ""management_cost"": 0, ""floor_current"": 2, ""floor_total"": 4, ""floor_underground"": 1, ""dealer_type"": ""2"", ""dealer_type_name"": ""ì¤‘ê°œê±°ë˜""}, ""specialty"": {""codes"": [""SPC103"", ""SPC104"", ""SPC111"", ""SPC117"", ""SPC119""], ""code_names"": ""ë‚´ê³¼,ë§ˆì·¨í†µì¦ì˜í•™ê³¼,ì‹ ê²½ì™¸ê³¼,ì¬í™œì˜í•™ê³¼,ì •í˜•ì™¸ê³¼""}, ""location"": {""address"": ""ê²½ê¸° í™”ì„±ì‹œ ëª©ë™ 496-4 ."", ""coordinates"": ""37.1821049,127.1234911""}, ""period"": {""created_at"": ""2025-05-07T16:23:12Z"", ""updated_at"": ""2025-10-30T10:43:35Z""}}"
"https://t2-new.medigate.net/lease/364152","{""content_id"": 364152, ""title"": ""[ìƒê¶Œë¶„ì„] ìˆ˜ì›ì‹œ íŒ”ë‹¬êµ¬ ì¸ê³„ë™ ì‚¬ê±°ë¦¬ ì½”ë„ˆì— ìœ„ì¹˜í•œ ì •í˜•ì™¸ê³¼ ì¶”ì²œ ì…ì§€"", ""listing_type"": ""LST001"", ""listing_type_names"": ""ì„ëŒ€"", ""corporation_name"": ""ìœ„ì¦ˆë‹¥í„°ìŠ¤"", ""lease_property"": {""area_supply"": 1.0, ""area_exclusive"": 261.0, ""monthly_rent"": 11, ""deposit"": 11, ""premium"": 0, ""management_cost"": 0, ""floor_current"": 2, ""floor_total"": 3, ""floor_underground"": 1, ""dealer_type"": ""2"", ""dealer_type_name"": ""ì¤‘ê°œê±°ë˜""}, ""specialty"": {""codes"": [""SPC104"", ""SPC111"", ""SPC117"", ""SPC119""], ""code_names"": ""ë§ˆì·¨í†µì¦ì˜í•™ê³¼,ì‹ ê²½ì™¸ê³¼,ì¬í™œì˜í•™ê³¼,ì •í˜•ì™¸ê³¼""}, ""location"": {""address"": ""ê²½ê¸° ìˆ˜ì›ì‹œ íŒ”ë‹¬êµ¬ ì¸ê³„ë¡œ 53 ."", ""coordinates"": ""37.2695156,127.0237324""}, ""period"": {""created_at"": ""2025-05-07T16:38:14Z"", ""updated_at"": ""2025-10-30T10:48:27Z""}}"
"https://t2-new.medigate.net/lease/364431","{""content_id"": 364431, ""title"": ""ğŸ¥[íŒŒì£¼ ìš´ì •ì§€êµ¬ ìƒê¶Œë¶„ì„] ë‹¤ì–‘í•œ ë§¤ë¬¼ /ì‹ ì¶•,êµ¬ì¶• / ì •í˜•ì™¸ê³¼,ë‚´ê³¼,ì´ë¹„ì¸í›„ê³¼,ì†Œì•„ê³¼ 365ì˜ì› ì¶”ì²œ"", ""listing_type"": ""LST001"", ""listing_type_names"": ""ì„ëŒ€"", ""corporation_name"": ""ìœ„ì¦ˆë‹¥í„°ìŠ¤"", ""lease_property"": {""area_supply"": 1.0, ""area_exclusive"": 1.0, ""monthly_rent"": 11, ""deposit"": 11, ""premium"": 0, ""management_cost"": 0, ""floor_current"": 1, ""floor_total"": 1, ""floor_underground"": 1, ""dealer_type"": ""2"", ""dealer_type_name"": ""ì¤‘ê°œê±°ë˜""}, ""specialty"": {""codes"": [""SPC101"", ""SPC103"", ""SPC104"", ""SPC109"", ""SPC115"", ""SPC116"", ""SPC117"", ""SPC119""], ""code_names"": ""ê°€ì •ì˜í•™ê³¼,ë‚´ê³¼,ë§ˆì·¨í†µì¦ì˜í•™ê³¼,ì†Œì•„ì²­ì†Œë…„ê³¼,ì´ë¹„ì¸í›„ê³¼,ì¼ë°˜ì˜,ì¬í™œì˜í•™ê³¼,ì •í˜•ì™¸ê³¼""}, ""location"": {""address"": ""ê²½ê¸° íŒŒì£¼ì‹œ ë™íŒ¨ë™ 409-1 ."", ""coordinates"": ""37.7165133,126.7283387""}, ""period"": {""created_at"": ""2025-05-13T17:48:20Z"", ""updated_at"": ""2025-10-30T10:50:42Z""}}"
"https://t2-new.medigate.net/lease/364748","{""content_id"": 364748, ""title"": ""<<ê±´ì¶•ì£¼ ì§ì ‘ê±°ë˜>> ë³‘ì› í™ë³´ê°€ ì €ì ˆë¡œ ë˜ëŠ” ìœ„ì¹˜, ê²½ê¸°ë„ ê´‘ì£¼ì‹œ íƒœì „ë™ íƒ€ì„ë¹Œë”© ì„ëŒ€"", ""listing_type"": ""LST001"", ""listing_type_names"": ""ì„ëŒ€"", ""corporation_name"": """", ""lease_property"": {""area_supply"": 247.3, ""area_exclusive"": 222.1, ""monthly_rent"": 400, ""deposit"": 10000, ""premium"": 0, ""management_cost"": 50, ""floor_current"": 0, ""floor_total"": 11, ""floor_underground"": 2, ""dealer_type"": ""2"", ""dealer_type_name"": ""ì¤‘ê°œê±°ë˜""}, ""specialty"": {""codes"": [""SPC101"", ""SPC103"", ""SPC106"", ""SPC108"", ""SPC109"", ""SPC112"", ""SPC115"", ""SPC118"", ""SPC122""], ""code_names"": ""ê°€ì •ì˜í•™ê³¼,ë‚´ê³¼,ë¹„ë‡¨ì˜í•™ê³¼,ì„±í˜•ì™¸ê³¼,ì†Œì•„ì²­ì†Œë…„ê³¼,ì•ˆê³¼,ì´ë¹„ì¸í›„ê³¼,ì •ì‹ ê±´ê°•ì˜í•™ê³¼,í”¼ë¶€ê³¼""}, ""location"": {""address"": ""ê²½ê¸° ê´‘ì£¼ì‹œ ê³ ë¶ˆë¡œ 73-10 íƒ€ì„ë¹Œë”©"", ""coordinates"": ""37.3924278,127.2297930""}, ""period"": {""created_at"": ""2025-05-21T11:52:17Z"", ""updated_at"": ""2025-06-16T10:06:15Z""}}"
"https://t2-new.medigate.net/lease/366074","{""content_id"": 366074, ""title"": ""â˜…ê²€ë‹¨ì‹ ë„ì‹œ ë¹ ë¥¸ ë§¤ì¶œ ë‹¬ì„± ê°€ëŠ¥í•œ ì¢‹ì€ ìë¦¬ ì„ëŒ€ ê°€ëŠ¥í•œ ë§¤ë¬¼ ìˆìŠµë‹ˆë‹¤.â˜…"", ""listing_type"": ""LST001"", ""listing_type_names"": ""ì„ëŒ€"", ""corporation_name"": """", ""lease_property"": {""area_supply"": 1065.0, ""area_exclusive"": 543.0, ""monthly_rent"": 600, ""deposit"": 8000, ""premium"": 0, ""management_cost"": 2, ""floor_current"": 3, ""floor_total"": 8, ""floor_underground"": 2, ""dealer_type"": ""2"", ""dealer_type_name"": ""ì¤‘ê°œê±°ë˜""}, ""specialty"": {""codes"": [""SPC101"", ""SPC103"", ""SPC106"", ""SPC107"", ""SPC110"", ""SPC112"", ""SPC115"", ""SPC114"", ""SPC118"", ""SPC122""], ""code_names"": ""ê°€ì •ì˜í•™ê³¼,ë‚´ê³¼,ë¹„ë‡¨ì˜í•™ê³¼,ì‚°ë¶€ì¸ê³¼,ì‹ ê²½ê³¼,ì•ˆê³¼,ì´ë¹„ì¸í›„ê³¼,ì™¸ê³¼,ì •ì‹ ê±´ê°•ì˜í•™ê³¼,í”¼ë¶€ê³¼""}, ""location"": {""address"": ""ì¸ì²œ ì„œêµ¬ ì´ìŒ1ë¡œ 383 3ì¸µ"", ""coordinates"": ""37.5947223,126.7168326""}, ""period"": {""created_at"": ""2025-06-18T16:26:07Z"", ""updated_at"": ""2025-06-21T12:22:52Z""}}"
"https://t2-new.medigate.net/lease/366140","{""content_id"": 366140, ""title"": ""[ìƒê¶Œë¶„ì„] êµ°í¬ ì‚°ë³¸ì‚¬ê±°ë¦¬/êµ¬ë„ì‹¬ ìƒê°€/ì‚°ë³¸ì‹œì¥/1ë§Œì„¸ëŒ€ ì´ìƒ, ì •í˜•ì™¸ê³¼ íŠ¹í™” ì…ì§€"", ""listing_type"": ""LST001"", ""listing_type_names"": ""ì„ëŒ€"", ""corporation_name"": ""ìœ„ì¦ˆë‹¥í„°ìŠ¤"", ""lease_property"": {""area_supply"": 760.0, ""area_exclusive"": 568.0, ""monthly_rent"": 11, ""deposit"": 11, ""premium"": 0, ""management_cost"": 0, ""floor_current"": 4, ""floor_total"": 5, ""floor_underground"": 0, ""dealer_type"": ""2"", ""dealer_type_name"": ""ì¤‘ê°œê±°ë˜""}, ""specialty"": {""codes"": [""SPC104"", ""SPC111"", ""SPC117"", ""SPC119""], ""code_names"": ""ë§ˆì·¨í†µì¦ì˜í•™ê³¼,ì‹ ê²½ì™¸ê³¼,ì¬í™œì˜í•™ê³¼,ì •í˜•ì™¸ê³¼""}, ""location"": {""address"": ""ê²½ê¸° êµ°í¬ì‹œ ì‚°ë³¸ë¡œ86ë²ˆê¸¸ 49 ."", ""coordinates"": ""37.3557747,126.9539537""}, ""period"": {""created_at"": ""2025-06-19T18:15:27Z"", ""updated_at"": ""2025-12-04T13:42:14Z""}}"
"https://t2-new.medigate.net/lease/366175","{""content_id"": 366175, ""title"": ""ëŒ€ì „ê°€ëŠ¥í•˜ì‹ ë¶„.. O,S N,S ì§€ì›ì¢‹ìŒ ëª¸ë§Œ...."", ""listing_type"": ""LST001"", ""listing_type_names"": ""ì„ëŒ€"", ""corporation_name"": ""ë¯¿ìŒì»¨ì„¤íŒ…"", ""lease_property"": {""area_supply"": 1200.0, ""area_exclusive"": 628.0, ""monthly_rent"": 1000, ""deposit"": 10000, ""premium"": 0, ""management_cost"": 0, ""floor_current"": 2, ""floor_total"": 7, ""floor_underground"": 2, ""dealer_type"": ""2"", ""dealer_type_name"": ""ì¤‘ê°œê±°ë˜""}, ""specialty"": {""codes"": [""SPC104"", ""SPC111"", ""SPC117"", ""SPC119""], ""code_names"": ""ë§ˆì·¨í†µì¦ì˜í•™ê³¼,ì‹ ê²½ì™¸ê³¼,ì¬í™œì˜í•™ê³¼,ì •í˜•ì™¸ê³¼""}, ""location"": {""address"": ""ëŒ€ì „ ë™êµ¬ ëŒ€ì „ë¡œ 236-22, 138"", ""coordinates"": ""36.2898230,127.4644612""}, ""period"": {""created_at"": ""2025-06-20T11:19:17Z"", ""updated_at"": ""2025-06-20T11:19:18Z""}}"
"https://t2-new.medigate.net/lease/366253","{""content_id"": 366253, ""title"": ""[ìƒê¶Œë¶„ì„] ì„ìˆ˜ë™ ì‹ ì¶• ì‚¬ê±°ë¦¬ìƒê¶Œ, ì •í˜•ì™¸ê³¼,ë§ˆí†µ,ë‚´ê³¼,ì†Œì•„ê³¼,ì´ë¹„ì¸í›„ê³¼,ì‚°ë¶€ì¸ê³¼ ì¶”ì²œ"", ""listing_type"": ""LST001"", ""listing_type_names"": ""ì„ëŒ€"", ""corporation_name"": ""ìœ„ì¦ˆë‹¥í„°ìŠ¤"", ""lease_property"": {""area_supply"": 1.0, ""area_exclusive"": 323.0, ""monthly_rent"": 11, ""deposit"": 11, ""premium"": 0, ""management_cost"": 0, ""floor_current"": 3, ""floor_total"": 9, ""floor_underground"": 4, ""dealer_type"": ""2"", ""dealer_type_name"": ""ì¤‘ê°œê±°ë˜""}, ""specialty"": {""codes"": [""SPC115""], ""code_names"": ""ì´ë¹„ì¸í›„ê³¼""}, ""location"": {""address"": ""ê²½ê¸° êµ°í¬ì‹œ ë²ˆì˜ë¡œ 489 ."", ""coordinates"": ""37.3579430,126.9315862""}, ""period"": {""created_at"": ""2025-06-23T12:24:24Z"", ""updated_at"": ""2025-12-04T13:36:11Z""}}"
"https://t2-new.medigate.net/lease/366506","{""content_id"": 366506, ""title"": ""ë¶€í‰ ì¤‘ì‹¬ ì—­ì„¸ê¶Œ ì¸í…Œë¦¬ì–´ ì™„ë¹„ëœ ë‚´ê³¼,ì •í˜•ì™¸ê³¼ ì…ì§€(ë¦¬ëª¨ë¸ë§ë¹„ìš© ë° ëœíŠ¸í”„ë¦¬1ë…„ì œê³µ)"", ""listing_type"": ""LST001"", ""listing_type_names"": ""ì„ëŒ€"", ""corporation_name"": ""ë¯¿ìŒì»¨ì„¤íŒ…"", ""lease_property"": {""area_supply"": 490.0, ""area_exclusive"": 414.0, ""monthly_rent"": 900, ""deposit"": 12000, ""premium"": 0, ""management_cost"": 1, ""floor_current"": 2, ""floor_total"": 8, ""floor_underground"": 2, ""dealer_type"": ""2"", ""dealer_type_name"": ""ì¤‘ê°œê±°ë˜""}, ""specialty"": {""codes"": [""SPC101"", ""SPC103"", ""SPC104"", ""SPC115"", ""SPC119""], ""code_names"": ""ê°€ì •ì˜í•™ê³¼,ë‚´ê³¼,ë§ˆì·¨í†µì¦ì˜í•™ê³¼,ì´ë¹„ì¸í›„ê³¼,ì •í˜•ì™¸ê³¼""}, ""location"": {""address"": ""ê²½ê¸° ì‹œí¥ì‹œ ëŠ¥ê³¡êµ°ìë¡œ 2 ì²­ì†”í”„ë¼ì"", ""coordinates"": ""37.3656680,126.8055466""}, ""period"": {""created_at"": ""2025-06-27T00:21:01Z"", ""updated_at"": ""2025-11-07T13:54:47Z""}}"
"https://t2-new.medigate.net/lease/366809","{""content_id"": 366809, ""title"": ""êµ°ìì—­ 2ë²ˆì¶œêµ¬ ì´ˆì—­ì„¸ê¶Œ ë³‘ì› ê°•ì¶”"", ""listing_type"": ""LST001"", ""listing_type_names"": ""ì„ëŒ€"", ""corporation_name"": """", ""lease_property"": {""area_supply"": 192.0, ""area_exclusive"": 165.0, ""monthly_rent"": 650, ""deposit"": 10000, ""premium"": 0, ""management_cost"": 100, ""floor_current"": 8, ""floor_total"": 11, ""floor_underground"": 0, ""dealer_type"": ""2"", ""dealer_type_name"": ""ì¤‘ê°œê±°ë˜""}, ""specialty"": {""codes"": [""SPC106"", ""SPC107"", ""SPC112"", ""SPC115"", ""SPC122""], ""code_names"": ""ë¹„ë‡¨ì˜í•™ê³¼,ì‚°ë¶€ì¸ê³¼,ì•ˆê³¼,ì´ë¹„ì¸í›„ê³¼,í”¼ë¶€ê³¼""}, ""location"": {""address"": ""ì„œìš¸ ê´‘ì§„êµ¬ ëŠ¥ë™ë¡œ 313 ì„ ì§„ë¹Œë”©"", ""coordinates"": ""37.5577832,127.0794720""}, ""period"": {""created_at"": ""2025-07-02T17:11:34Z"", ""updated_at"": ""2025-07-10T11:46:06Z""}}"
"https://t2-new.medigate.net/lease/366858","{""content_id"": 366858, ""title"": ""ë™ëŒ€êµ¬ì—­ ì´ˆì—­ì„¸ê¶Œ ê´‘ê³  íš¨ê³¼ ìµœê³ ì˜ ë©”ë””ì»¬ë¹Œë”©(í”¼ë¶€ê³¼,ì‚°í›„ì¡°ë¦¬ì› ì…ì  í™•ì •!!!!íŒŒê²© ì¡°ê±´ í˜œíƒ)"", ""listing_type"": ""LST001"", ""listing_type_names"": ""ì„ëŒ€"", ""corporation_name"": """", ""lease_property"": {""area_supply"": 399.3, ""area_exclusive"": 620.4, ""monthly_rent"": 850, ""deposit"": 10000, ""premium"": 0, ""management_cost"": 120, ""floor_current"": 3, ""floor_total"": 20, ""floor_underground"": 3, ""dealer_type"": ""2"", ""dealer_type_name"": ""ì¤‘ê°œê±°ë˜""}, ""specialty"": {""codes"": [""SPC101"", ""SPC102"", ""SPC103"", ""SPC104"", ""SPC106"", ""SPC107"", ""SPC120"", ""SPC108"", ""SPC109"", ""SPC110"", ""SPC111"", ""SPC112"", ""SPC123"", ""SPC115"", ""SPC116"", ""SPC114"", ""SPC121"", ""SPC117"", ""SPC118"", ""SPC119"", ""SPC113"", ""SPC125"", ""SPC124"", ""SPC105""], ""code_names"": ""ê°€ì •ì˜í•™ê³¼,ê²°í•µê³¼,ë‚´ê³¼,ë§ˆì·¨í†µì¦ì˜í•™ê³¼,ë¹„ë‡¨ì˜í•™ê³¼,ì‚°ë¶€ì¸ê³¼,ì§ì—…í™˜ê²½ì˜í•™ê³¼,ì„±í˜•ì™¸ê³¼,ì†Œì•„ì²­ì†Œë…„ê³¼,ì‹ ê²½ê³¼,ì‹ ê²½ì™¸ê³¼,ì•ˆê³¼,ì‘ê¸‰ì˜í•™ê³¼,ì´ë¹„ì¸í›„ê³¼,ì¼ë°˜ì˜,ì™¸ê³¼,ì§„ë‹¨ê²€ì‚¬ì˜í•™ê³¼,ì¬í™œì˜í•™ê³¼,ì •ì‹ ê±´ê°•ì˜í•™ê³¼,ì •í˜•ì™¸ê³¼,ì˜ìƒì˜í•™ê³¼,ë°©ì‚¬ì„ ì¢…ì–‘í•™ê³¼,í•µì˜í•™ê³¼,í‰ë¶€ì™¸ê³¼,ì˜ˆë°©ì˜í•™ê³¼,ë³‘ë¦¬ê³¼""}, ""location"": {""address"": ""ëŒ€êµ¬ ë™êµ¬ ë™ëŒ€êµ¬ë¡œ 525 ê±´ë¬¼ì „ì²´"", ""coordinates"": ""35.8771955,128.6260425""}, ""period"": {""created_at"": ""2025-07-03T15:50:56Z"", ""updated_at"": ""2025-08-13T09:55:50Z""}}"
